episode,ticks,alive,rl_alive,transitions,total_reward,epsilon,updates
0,20326,67,1,733,-16.07,0.766,17088
1,20411,60,2,636,-9.34,0.557,37440
2,20441,62,3,730,-8.27,0.387,60800
0,20416,66,3,818,-7.65,0.367,19808
1,20433,63,2,801,-10.48,0.246,45440
2,20421,54,3,665,-3.87,0.176,66720
3,20370,65,4,812,-1.28,0.117,92704
4,20464,63,2,779,-14.27,0.080,117632
5,20321,65,4,812,-0.08,0.053,143616
6,20424,59,4,816,-0.12,0.050,169728
7,20398,64,3,657,-2.03,0.050,190752
8,20502,66,1,648,-14.92,0.050,211488
9,20471,60,4,812,-0.08,0.050,237472
10,20434,65,4,812,-0.08,0.050,263456
11,20498,65,3,754,-5.26,0.050,287584
12,20351,74,4,812,-0.58,0.050,313568
13,20433,54,4,816,-0.12,0.050,339680
14,20441,52,1,570,-14.19,0.050,357920
15,20427,75,4,820,-0.16,0.050,384160
16,20414,60,4,816,-1.62,0.050,410272
17,20432,57,3,650,-1.97,0.050,431072
18,20367,69,4,812,-0.08,0.050,457056
19,20464,66,1,643,-14.92,0.050,477632
20,20421,56,4,812,-0.83,0.050,503616
21,20287,72,4,786,0.18,0.050,528768
22,20434,63,4,813,-0.09,0.050,554784
23,20435,64,4,816,0.88,0.050,580896
24,20472,69,1,732,-16.81,0.050,604320
25,20474,52,1,669,-15.18,0.050,625728
26,20446,66,3,770,-5.17,0.050,650368
27,20385,56,4,812,-0.08,0.050,676352
28,20392,57,3,710,-4.57,0.050,699072
29,20405,59,2,683,-12.06,0.050,720928
30,20394,82,4,464,3.40,0.050,735776
31,20366,64,3,670,-4.17,0.050,757216
32,20507,61,2,709,-10.07,0.050,779904
33,20496,61,4,816,-0.12,0.050,806016
34,20334,59,3,786,-6.08,0.050,831168
35,20366,71,4,812,-2.08,0.050,857152
36,20154,66,0,538,-19.38,0.050,874368
37,20384,58,3,773,-4.20,0.050,899104
38,20400,60,4,812,-0.08,0.050,925088
39,20380,57,4,808,-0.29,0.050,950944
40,20423,78,4,816,0.43,0.050,977056
41,20426,73,2,803,-8.25,0.050,1002752
42,20001,70,4,784,0.20,0.050,1027840
43,20490,62,4,816,-0.12,0.050,1053952
44,20423,58,4,820,-0.16,0.050,1080192
0,20400,76,4,813,6.38,0.470,19648
1,20370,63,4,808,6.39,0.434,45504
2,20442,61,1,531,-9.56,0.411,62496
3,20354,63,4,812,6.38,0.379,88480
4,20422,64,2,728,-4.45,0.353,111776
5,20399,67,4,812,6.38,0.325,137760
6,20342,59,4,812,6.38,0.300,163744
7,20364,66,1,519,-10.04,0.285,180352
8,20373,63,4,812,6.38,0.262,206336
9,20035,70,4,800,6.41,0.242,231936
10,20022,55,4,776,6.46,0.224,256768
11,20467,61,4,816,6.93,0.207,282880
12,20386,59,4,812,6.38,0.190,308864
13,20462,49,4,816,6.38,0.175,334976
14,20446,65,4,812,6.38,0.162,360960
15,20039,68,2,699,-5.39,0.151,383328
16,20469,68,4,816,6.38,0.139,409440
17,20447,70,3,784,-1.06,0.129,434528
18,20463,67,3,714,1.08,0.120,457376
19,20515,63,4,820,6.37,0.110,483616
20,20440,73,4,816,6.38,0.102,509728
21,20404,73,4,804,6.40,0.094,535456
22,20406,66,4,815,6.38,0.086,561536
23,20408,60,3,750,1.01,0.080,585536
24,20308,84,4,296,7.42,0.078,595008
25,20348,64,4,812,6.38,0.072,620992
26,20359,89,4,360,7.29,0.069,632512
27,20470,70,4,812,6.38,0.064,658496
28,20412,63,4,815,6.13,0.059,684576
29,20410,69,4,812,6.38,0.054,710560
30,20437,56,4,816,6.38,0.050,736672
31,20365,65,4,804,5.40,0.050,762400
32,20353,62,2,763,-4.52,0.050,786816
33,20345,62,2,639,-4.27,0.050,807264
34,20318,75,4,812,6.38,0.050,833248
35,20457,58,0,578,-15.16,0.050,851744
36,20417,67,3,804,0.90,0.050,877472
37,20373,69,4,808,6.39,0.050,903328
38,20312,64,4,812,6.38,0.050,929312
39,20433,61,1,487,-9.47,0.050,944896
40,20371,46,1,657,-7.81,0.050,965920
41,20415,52,2,744,-5.98,0.050,989728
42,20502,65,3,749,1.01,0.050,1013696
43,20395,66,3,805,0.90,0.050,1039456
44,20383,71,4,812,6.38,0.050,1065440
45,20323,67,4,808,6.39,0.050,1091296
46,20425,62,4,773,6.46,0.050,1116032
47,20421,66,4,804,6.40,0.050,1141760
48,20465,62,4,800,6.41,0.050,1167360
49,20369,72,3,747,1.01,0.050,1191264
50,20375,70,1,550,-7.60,0.050,1208864
51,20460,64,3,618,3.27,0.050,1228640
52,20386,62,4,804,6.40,0.050,1254368
53,20384,72,4,812,6.38,0.050,1280352
54,20371,66,4,808,6.39,0.050,1306208
55,20344,71,4,812,6.38,0.050,1332192
56,20358,73,3,776,2.96,0.050,1357024
57,20382,64,2,599,-4.19,0.050,1376192
58,20350,67,3,741,0.02,0.050,1399904
59,20357,60,4,812,5.38,0.050,1425888
60,20247,68,3,732,1.04,0.050,1449312
61,20413,76,4,808,6.39,0.050,1475168
62,20395,50,4,808,6.39,0.050,1501024
63,20353,64,4,808,6.39,0.050,1526880
64,20388,49,3,796,0.41,0.050,1552352
65,20352,56,2,578,-2.15,0.050,1570848
66,20435,60,4,816,6.38,0.050,1596960
67,20385,71,4,800,6.41,0.050,1622560
68,20370,67,4,808,6.39,0.050,1648416
69,20415,61,4,816,6.38,0.050,1674528
70,20446,63,4,812,6.38,0.050,1700512
71,20375,71,2,783,-2.56,0.050,1725568
72,20448,75,2,748,-4.49,0.050,1749504
73,20094,65,4,800,6.41,0.050,1775104
74,20394,68,4,808,6.39,0.050,1800960
75,20375,59,4,812,6.38,0.050,1826944
76,20434,59,2,584,-2.16,0.050,1845632
77,20455,68,4,816,6.38,0.050,1871744
78,20404,60,4,808,6.39,0.050,1897600
79,20396,67,4,808,6.39,0.050,1923456
80,20401,52,3,750,1.01,0.050,1947456
81,20448,61,3,674,-0.34,0.050,1969024
82,20493,64,4,816,6.38,0.050,1995136
83,20395,58,4,812,6.83,0.050,2021120
84,20466,64,4,792,6.42,0.050,2046464
85,20224,69,1,599,-11.70,0.050,2065632
86,20337,63,2,650,-4.30,0.050,2086432
87,20433,69,3,764,2.98,0.050,2110880
88,20425,68,4,792,6.42,0.050,2136224
89,20452,63,4,784,4.94,0.050,2161312
90,20447,70,4,792,6.42,0.050,2186656
91,20477,64,2,641,-4.28,0.050,2207168
92,20489,61,4,816,6.38,0.050,2233280
93,20414,45,4,784,6.44,0.050,2258368
94,20383,71,4,812,6.38,0.050,2284352
95,20000,63,3,707,3.09,0.050,2306976
96,20469,70,4,816,6.38,0.050,2333088
97,20423,53,1,619,-9.74,0.050,2352896
98,20405,69,4,760,6.49,0.050,2377216
99,20475,57,4,688,6.63,0.050,2399232
100,20394,62,0,431,-14.86,0.050,2413024
101,20478,68,2,731,-2.46,0.050,2436416
102,20449,66,4,756,6.50,0.050,2460608
103,20499,61,3,669,1.17,0.050,2482016
104,20449,67,4,816,6.38,0.050,2508128
105,20384,71,4,796,5.92,0.050,2533600
106,20425,65,4,792,6.42,0.050,2558944
107,20005,57,3,768,-0.28,0.050,2583520
108,20456,70,4,792,6.42,0.050,2608864
109,20183,71,4,656,6.70,0.050,2629856
110,20486,60,4,816,6.38,0.050,2655968
111,20495,65,4,800,6.41,0.050,2681568
112,20052,67,2,724,-4.44,0.050,2704736
113,20394,60,4,812,4.38,0.050,2730720
114,20458,69,2,584,-4.16,0.050,2749408
115,20381,68,4,812,6.38,0.050,2775392
116,20444,56,4,804,6.40,0.050,2801120
117,20435,59,4,764,6.48,0.050,2825568
118,20465,57,3,702,-0.90,0.050,2848032
119,20368,68,3,549,1.41,0.050,2865600
120,20463,67,4,780,6.45,0.050,2890560
121,20446,67,4,792,4.92,0.050,2915904
122,20417,63,4,572,6.86,0.050,2934208
123,20453,72,4,752,6.50,0.050,2958272
124,20494,61,3,730,3.05,0.050,2981632
125,20003,53,4,688,6.68,0.050,3003648
126,20429,65,4,728,6.05,0.050,3026944
127,20369,70,4,796,6.42,0.050,3052416
128,20423,58,1,627,-9.75,0.050,3072480
129,20434,64,4,792,4.92,0.050,3097824
130,20407,58,4,808,6.39,0.050,3123680
131,20386,69,3,711,1.08,0.050,3146432
132,20471,57,4,704,6.60,0.050,3168960
133,20469,69,4,816,6.38,0.050,3195072
134,20429,68,4,704,6.60,0.050,3217600
135,20005,57,4,792,6.42,0.050,3242944
136,20331,74,4,788,6.43,0.050,3268160
137,20424,65,2,605,-4.21,0.050,3287520
138,20218,68,4,684,6.64,0.050,3309408
139,20441,60,4,792,6.42,0.050,3334752
140,20462,64,3,757,-0.01,0.050,3358976
141,20460,66,3,798,2.91,0.050,3384512
142,20434,76,4,736,6.54,0.050,3408064
143,20440,60,3,661,1.18,0.050,3429216
144,20445,67,4,816,6.38,0.050,3455328
145,20419,74,2,664,-1.32,0.050,3476576
146,20509,72,4,816,6.38,0.050,3502688
147,20459,63,4,744,6.52,0.050,3526496
148,20416,55,3,790,2.93,0.050,3551776
149,20452,63,3,686,1.13,0.050,3573728
150,20443,67,4,812,6.38,0.050,3599712
151,20482,69,4,813,6.38,0.050,3625728
152,20441,63,1,531,-9.56,0.050,3642720
153,20481,65,4,816,6.38,0.050,3668832
154,20400,56,2,744,-4.48,0.050,3692640
155,20419,57,4,732,6.54,0.050,3716064
156,20480,69,4,788,6.43,0.050,3741280
157,20483,69,3,726,1.05,0.050,3764512
158,20379,73,4,752,6.50,0.050,3788576
159,20461,56,4,816,6.38,0.050,3814688
160,20429,60,4,799,5.41,0.050,3840256
161,20458,62,4,816,6.38,0.050,3866368
162,23214,74,4,776,3.46,0.050,3891200
163,20014,69,4,728,6.55,0.050,3914496
164,20452,60,4,816,6.38,0.050,3940608
165,20470,68,4,724,6.56,0.050,3963776
166,20492,53,3,717,3.07,0.050,3986720
167,20434,74,4,762,6.48,0.050,4011104
168,20463,59,4,816,6.38,0.050,4037216
169,20433,58,3,770,0.97,0.050,4061856
170,20456,67,4,744,6.52,0.050,4085664
171,20430,74,4,788,5.93,0.050,4110880
172,20366,76,3,620,1.27,0.050,4130720
173,20503,64,4,820,6.37,0.050,4156960
174,20495,55,1,659,-9.82,0.050,4178048
175,20487,79,4,772,6.46,0.050,4202752
176,20438,63,4,816,6.38,0.050,4228864
177,20460,66,4,732,6.54,0.050,4252288
178,20391,57,2,709,-4.41,0.050,4274976
179,20467,73,4,736,5.54,0.050,4298528
180,20457,59,4,816,6.38,0.050,4324640
181,20377,70,4,812,6.38,0.050,4350624
182,20482,60,4,816,6.38,0.050,4376736
183,20429,74,0,431,-14.86,0.050,4390528
184,20005,70,4,796,6.42,0.050,4416000
185,20488,56,4,816,6.38,0.050,4442112
186,20417,64,4,816,6.38,0.050,4468224
187,20419,59,4,792,6.42,0.050,4493568
188,20432,60,4,816,6.38,0.050,4519680
189,20373,63,4,812,6.38,0.050,4545664
190,20443,62,4,816,6.38,0.050,4571776
191,20416,65,4,788,6.43,0.050,4596992
192,20472,52,0,460,-14.92,0.050,4611712
193,20457,74,4,796,6.42,0.050,4637184
194,20430,63,3,751,3.01,0.050,4661216
195,20442,61,4,820,6.37,0.050,4687456
196,22689,70,2,524,-2.04,0.050,4704224
197,20436,71,4,728,6.55,0.050,4727520
198,20438,58,4,816,6.38,0.050,4753632
199,20444,53,1,692,-9.88,0.050,4775776
200,20418,69,2,671,-4.34,0.050,4797248
201,20429,62,4,732,6.54,0.050,4820672
202,20463,62,4,816,6.38,0.050,4846784
203,20473,63,4,796,6.42,0.050,4872256
204,20378,76,4,744,6.52,0.050,4896064
205,20378,60,3,784,0.94,0.050,4921152
206,20466,68,4,756,6.50,0.050,4945344
207,20434,64,4,704,6.60,0.050,4967872
208,20478,69,2,732,-6.46,0.050,4991296
209,20423,61,4,756,6.50,0.050,5015488
210,20478,74,4,792,6.42,0.050,5040832
211,20412,67,4,800,6.41,0.050,5066432
212,20410,59,0,494,-14.99,0.050,5082240
213,20408,50,1,595,-7.69,0.050,5101280
214,20407,68,4,816,6.38,0.050,5127392
215,20402,67,1,579,-5.65,0.050,5145920
216,20278,75,4,572,6.86,0.050,5164224
217,20393,63,4,776,6.46,0.050,5189056
218,20387,69,4,770,6.47,0.050,5213696
219,20418,72,4,640,6.73,0.050,5234176
220,20447,60,4,784,6.44,0.050,5259264
221,20416,69,4,813,3.38,0.050,5285280
222,20376,59,4,756,6.50,0.050,5309472
223,20360,66,1,459,-9.42,0.050,5324160
224,20357,79,4,741,6.53,0.050,5347872
225,20370,77,4,784,6.44,0.050,5372960
226,20420,64,2,760,-4.52,0.050,5397280
227,20379,66,3,656,1.19,0.050,5418272
228,20370,61,4,780,6.50,0.050,5443232
229,20424,63,4,816,6.38,0.050,5469344
230,20391,68,4,736,6.54,0.050,5492896
231,20471,63,4,800,6.41,0.050,5518496
232,20492,62,2,653,-5.05,0.050,5539392
233,20429,71,4,656,6.70,0.050,5560384
234,20384,63,4,808,6.39,0.050,5586240
235,20467,68,2,618,-2.23,0.050,5606016
236,20499,64,1,536,-7.57,0.050,5623168
237,20425,65,4,764,6.48,0.050,5647616
238,20474,67,4,808,6.39,0.050,5673472
239,20446,62,4,808,6.39,0.050,5699328
240,20484,62,2,650,-4.30,0.050,5720128
241,20435,62,4,732,6.54,0.050,5743552
242,20406,70,4,792,6.42,0.050,5768896
243,20410,70,4,788,6.43,0.050,5794112
244,20479,56,4,816,4.88,0.050,5820224
245,20413,63,3,730,3.05,0.050,5843584
246,20369,68,2,762,-4.52,0.050,5867968
247,20396,58,4,788,6.43,0.050,5893184
248,20409,68,4,815,4.38,0.050,5919264
249,20408,66,4,788,6.43,0.050,5944480
250,20506,70,3,678,1.15,0.050,5966176
251,20462,52,4,808,6.39,0.050,5992032
252,20443,70,4,736,6.54,0.050,6015584
253,20498,57,4,761,5.49,0.050,6039936
254,20411,61,3,657,1.19,0.050,6060960
255,20442,65,4,788,6.43,0.050,6086176
256,20445,59,3,639,1.23,0.050,6106624
257,20375,71,3,666,1.17,0.050,6127936
258,20462,72,4,816,6.38,0.050,6154048
259,20437,62,4,764,6.48,0.050,6178496
260,20484,57,4,764,6.48,0.050,6202944
261,20497,66,4,820,6.37,0.050,6229184
262,20454,65,1,671,-9.84,0.050,6250656
263,20470,65,4,816,6.38,0.050,6276768
264,20402,52,4,812,6.38,0.050,6302752
265,20459,64,4,784,6.44,0.050,6327840
266,20401,52,4,788,6.43,0.050,6353056
267,20511,57,2,753,-4.50,0.050,6377152
268,20498,52,4,816,6.93,0.050,6403264
269,20362,67,3,718,1.07,0.050,6426240
270,20023,64,4,768,6.47,0.050,6450816
271,20436,58,4,760,6.49,0.050,6475136
272,20451,64,4,820,6.37,0.050,6501376
273,20427,55,3,789,-1.32,0.050,6526624
274,20451,68,4,792,6.42,0.050,6551968
275,20458,75,4,748,6.51,0.050,6575904
276,20367,58,3,719,0.07,0.050,6598912
277,20419,58,4,672,6.66,0.050,6620416
278,20424,59,4,796,6.42,0.050,6645888
279,20482,61,4,780,6.45,0.050,6670848
280,20400,68,2,656,-4.31,0.050,6691840
281,20411,68,4,778,6.45,0.050,6716736
282,20473,68,4,816,5.88,0.050,6742848
283,20457,63,4,744,6.52,0.050,6766656
284,20464,52,4,784,6.44,0.050,6791744
285,20355,64,2,682,-2.36,0.050,6813568
286,20463,70,4,756,6.50,0.050,6837760
287,20502,56,4,812,6.38,0.050,6863744
288,20379,71,2,753,-4.50,0.050,6887840
289,20386,58,4,792,6.42,0.050,6913184
290,20464,65,4,816,4.13,0.050,6939296
291,20381,66,4,812,6.38,0.050,6965280
292,20435,64,4,776,6.46,0.050,6990112
293,20442,53,4,780,6.45,0.050,7015072
294,20458,63,1,540,-10.33,0.050,7032352
295,20441,68,4,816,6.38,0.050,7058464
296,20431,70,4,748,6.51,0.050,7082400
297,20411,59,4,788,6.43,0.050,7107616
298,20392,72,4,816,6.38,0.050,7133728
299,20468,61,4,816,6.38,0.050,7159840
300,20489,66,1,428,-10.10,0.050,7173536
301,20370,55,2,711,-4.42,0.050,7196288
302,20420,70,4,784,3.19,0.050,7221376
303,20398,65,2,614,-4.22,0.050,7241024
304,20354,57,4,812,6.38,0.050,7267008
305,20444,71,3,749,-0.99,0.050,7290976
306,20480,65,4,772,3.46,0.050,7315680
307,20444,62,4,816,6.38,0.050,7341792
308,20409,74,4,772,6.46,0.050,7366496
309,20469,55,2,695,-4.39,0.050,7388736
310,20416,74,4,764,6.48,0.050,7413184
311,20394,72,3,591,3.33,0.050,7432096
312,20406,71,4,732,6.54,0.050,7455520
313,20361,74,4,736,6.54,0.050,7479072
314,20396,72,3,706,1.09,0.050,7501664
315,20449,57,3,783,0.94,0.050,7526720
316,20482,59,4,816,6.38,0.050,7552832
317,20415,54,4,816,6.38,0.050,7578944
318,20409,67,4,816,4.88,0.050,7605056
319,20434,61,4,816,6.38,0.050,7631168
320,20362,57,4,736,6.54,0.050,7654720
321,20418,76,4,820,6.37,0.050,7680960
322,20425,58,4,816,6.38,0.050,7707072
323,20455,61,4,628,6.75,0.050,7727168
324,20468,60,2,744,-0.48,0.050,7750976
325,20454,76,4,744,6.52,0.050,7774784
326,20423,61,4,812,4.38,0.050,7800768
327,20476,75,4,772,6.46,0.050,7825472
328,20461,55,1,621,-11.74,0.050,7845344
329,20413,70,4,764,6.48,0.050,7869792
330,20477,66,4,816,6.38,0.050,7895904
331,20407,60,4,816,6.38,0.050,7922016
332,20378,52,4,768,4.47,0.050,7946592
333,20478,69,4,816,6.38,0.050,7972704
334,20515,73,4,796,6.42,0.050,7998176
335,20430,73,4,792,4.67,0.050,8023520
336,20496,54,4,788,6.43,0.050,8048736
337,20445,73,4,732,6.54,0.050,8072160
338,20456,64,3,699,2.11,0.050,8094528
339,20474,77,3,700,1.11,0.050,8116928
340,20488,92,4,236,7.54,0.050,8124480
341,20484,68,4,752,6.50,0.050,8148544
342,20464,57,2,742,-4.48,0.050,8172288
343,20005,67,4,740,6.53,0.050,8195968
344,20056,78,2,635,-2.26,0.050,8216288
345,20429,60,4,784,6.44,0.050,8241376
346,20447,65,4,796,6.42,0.050,8266848
347,20472,56,4,668,6.67,0.050,8288224
348,20445,61,4,816,6.38,0.050,8314336
349,20476,65,4,816,6.38,0.050,8340448
350,20471,59,4,816,6.38,0.050,8366560
351,20437,61,4,752,6.50,0.050,8390624
352,20398,73,4,744,6.52,0.050,8414432
353,20456,60,4,796,5.42,0.050,8439904
354,20378,55,0,344,-15.44,0.050,8450912
355,20474,66,4,756,6.50,0.050,8475104
356,20480,61,4,816,6.38,0.050,8501216
357,20468,57,4,816,6.38,0.050,8527328
358,20478,64,4,816,5.88,0.050,8553440
359,20384,57,4,808,6.39,0.050,8579296
360,20429,57,2,737,-4.47,0.050,8602880
361,20407,58,0,408,-14.82,0.050,8615936
362,20495,56,4,816,6.38,0.050,8642048
363,20513,58,3,736,0.53,0.050,8665600
364,20448,58,2,678,-4.35,0.050,8687296
365,20435,60,2,505,-2.00,0.050,8703456
366,20470,62,2,705,-3.90,0.050,8726016
367,20408,63,4,816,6.38,0.050,8752128
368,20391,71,4,716,4.58,0.050,8775040
369,20394,64,3,804,2.90,0.050,8800768
370,20477,57,4,816,6.38,0.050,8826880
371,20455,66,1,531,-7.56,0.050,8843872
372,20404,49,0,507,-15.01,0.050,8860096
373,20484,66,4,792,6.42,0.050,8885440
374,20417,71,4,724,6.56,0.050,8908608
375,20461,56,4,776,6.46,0.050,8933440
376,20468,87,4,372,7.26,0.050,8945344
377,20596,61,4,749,6.51,0.050,8969312
378,20412,73,4,748,5.51,0.050,8993248
379,20005,63,4,728,6.55,0.050,9016544
380,20082,76,4,740,6.53,0.050,9040224
381,20468,54,1,612,-7.72,0.050,9059808
382,20486,71,4,812,5.88,0.050,9085792
383,20466,61,2,567,-2.13,0.050,9103936
384,20452,55,4,761,6.49,0.050,9128288
385,20444,64,3,689,2.13,0.050,9150336
386,20413,73,4,764,6.48,0.050,9174784
387,20351,72,3,686,1.13,0.050,9196736
388,20447,55,1,578,-9.65,0.050,9215232
389,20423,57,4,784,6.44,0.050,9240320
390,20386,72,4,812,6.38,0.050,9266304
391,20445,47,4,808,4.89,0.050,9292160
392,20434,71,4,775,6.46,0.050,9316960
393,20366,58,2,587,-4.17,0.050,9335744
394,20376,52,4,808,6.39,0.050,9361600
395,22284,90,4,428,7.15,0.050,9375296
396,20412,74,4,784,6.44,0.050,9400384
397,20495,57,4,788,6.43,0.050,9425600
398,20410,65,4,808,6.39,0.050,9451456
399,20457,66,4,808,6.39,0.050,9477312
